{
	"schemaVersion": 1,
	"id": "first-mod",
	"version": "${version}",
	"name": "First Mod",
	"description": "Testing out modding for minecraft :)",
	"authors": [
		"Raum"
	],
	"contact": {
		"homepage": "https://fabricmc.net/",
		"sources": "https://github.com/FabricMC/fabric-example-mod"
	},
	"license": "MIT",
	"icon": "assets/first-mod/icon.png",
	"environment": "*",
	"entrypoints": {
		"main": [
			"net.raum.firstmod.FirstMod"
		],
		"client": [
			"net.raum.firstmod.FirstModClient"
		],
		"fabric-datagen": [
			"net.raum.firstmod.FirstModDataGenerator"
		]
	},
	"mixins": [
		"first-mod.mixins.json"
	],
	"depends": {
		"fabricloader": ">=0.15.7",
		"minecraft": "~1.20.1",
		"java": ">=17",
		"fabric-api": "*"
	},
	"suggests": {
		"another-mod": "*"
	}
}